image_url,alt_text
https://imagens.gynjet.com.br/produtos/2025/p_55287_alta_1.png,Impressora Sublimática Epson SureColor F170 A4 - Gynjet Goiânia
https://imagens.gynjet.com.br/produtos/2025/p_51945_alta_1.png,Impressora Monocromática Epson EcoTank M1180 - Gynjet Goiânia
https://imagens.gynjet.com.br/produtos/2025/p_53646_alta_5.png,Multifuncional Monocromática Epson EcoTank M3170 - Gynjet Goiânia
https://imagens.gynjet.com.br/produtos/2025/p_49936_alta_1.png,Impressora Monocromática Epson EcoTank M1120 - Gynjet Goiânia
https://imagens.gynjet.com.br/produtos/2025/a_265156_alta_1.png,Impressora Fotográfica Epson EcoTank L8050 - Gynjet Goiânia
https://imagens.gynjet.com.br/produtos/2025/p_60046_alta_1.jpg,Impressora Epson EcoTank L1210 - Gynjet Goiânia
https://imagens.gynjet.com.br/produtos/2025/p_55511_alta_1.png,Multifuncional Epson EcoTank L6191 - Gynjet Goiânia
https://imagens.gynjet.com.br/produtos/2025/p_54687_alta_1.png,Multifuncional Epson EcoTank L4160 - Gynjet Goiânia
https://imagens.gynjet.com.br/produtos/2025/p_57924_alta_1.png,Multifuncional Epson EcoTank L5190 - Gynjet Goiânia
https://imagens.gynjet.com.br/produtos/2025/p_46711_alta_2.jpg,Impressora HP Tanque de Tinta (kit GT52/GT53) - Gynjet Goiânia
https://imagens.gynjet.com.br/produtos/2025/p_47792_alta_1.png,Impressora HP Laser Monocromática Compacta - Gynjet Goiânia
https://imagens.gynjet.com.br/produtos/2025/p_47807_alta_1.png,Multifuncional HP Tanque de Tinta (Colorida) - Gynjet Goiânia
https://imagens.gynjet.com.br/produtos/2025/p_49352_alta_1.png,Multifuncional HP DeskJet Compacta (Colorida) - Gynjet Goiânia
https://imagens.gynjet.com.br/produtos/2025/p_50080_alta_1.png,Impressora HP Laser Monocromática Compacta - Gynjet Goiânia
https://imagens.gynjet.com.br/produtos/2025/p_50146_alta_1.png,Multifuncional HP Tanque de Tinta com ADF - Gynjet Goiânia
https://imagens.gynjet.com.br/produtos/2025/p_50147_alta_1.png,Impressora HP Neverstop Laser (Tanque de Tóner) - Gynjet Goiânia
https://imagens.gynjet.com.br/produtos/2025/p_56584_alta_1.png,Multifuncional HP Laser Monocromática - Gynjet Goiânia
https://imagens.gynjet.com.br/produtos/2025/p_56801_alta_1.png,Impressora HP Smart Tank (Colorida) - Gynjet Goiânia
https://imagens.gynjet.com.br/produtos/2025/p_57097_alta_1.png,Impressora HP Laser Monocromática Compacta - Gynjet Goiânia
